_id,YEAR,DATE,TIME,HOUR,STREET1,STREET2,OFFSET,ROAD_CLASS,District,WardNum,Division,LATITUDE,LONGITUDE,LOCCOORD,ACCLOC,TRAFFCTL,VISIBILITY,LIGHT,RDSFCOND,ACCLASS,IMPACTYPE,INVTYPE,INVAGE,INJURY,FATAL_NO,INITDIR,VEHTYPE,MANOEUVER,DRIVACT,DRIVCOND,PEDTYPE,PEDACT,PEDCOND,PEDESTRIAN,AUTOMOBILE,TRUCK,TRSN_CITY_VEH,EMERG_VEH,PASSENGER,SPEEDING,AG_DRIV,REDLIGHT,ALCOHOL,DISABILITY,Hood_ID,Neighbourhood
15800,2019,2019-08-17T04:00:00,1235,12,GODSTONE RD,FAIRVIEW MALL DR,,Minor Arterial,North York,17,33,43.779632,-79.345707,Intersection,At Intersection,Traffic Signal,Clear,Daylight,Dry,Non-Fatal Injury,Pedestrian Collisions,Pedestrian,70 to 74,Minor,,,,,,,,,Normal,Yes,Yes,,,,,,,,,,47,Don Valley Village (47)
15779,2019,2019-08-09T04:00:00,945,9,31  FINCH AVE E,,,Major Arterial,North York,18,32,43.780181,-79.413204,Mid-Block,Non Intersection,No Control,Clear,Daylight,Dry,Fatal,Pedestrian Collisions,Pedestrian,65 to 69,Fatal,33,Unknown,,,,,Pedestrian hit on sidewalk or shoulder,On Sidewalk or Shoulder,Normal,Yes,Yes,,,,,,,,,,51,Willowdale East (51)
15780,2019,2019-08-09T04:00:00,945,9,31  FINCH AVE E,,,Major Arterial,North York,18,32,43.780181,-79.413204,Mid-Block,Non Intersection,No Control,Clear,Daylight,Dry,Fatal,Pedestrian Collisions,Driver,35 to 39,None,,East,"Automobile, Station Wagon",Going Ahead,Lost control,Unknown,,,,Yes,Yes,,,,,,,,,,51,Willowdale East (51)
15760,2019,2019-08-03T04:00:00,1500,15,55 KING ST W,Bay Street,100 m West of,Major Arterial,Toronto and East York,10,52,43.648219,-79.382252,Mid-Block,Non Intersection,No Control,Clear,Daylight,Dry,Non-Fatal Injury,Pedestrian Collisions,Driver,25 to 29,Minor,,East,"Automobile, Station Wagon",Going Ahead,Other,Unknown,,,,Yes,Yes,,,,,,,,,,76,Bay Street Corridor (76)
15761,2019,2019-08-03T04:00:00,1500,15,55 KING ST W,Bay Street,100 m West of,Major Arterial,Toronto and East York,10,52,43.648219,-79.382252,Mid-Block,Non Intersection,No Control,Clear,Daylight,Dry,Non-Fatal Injury,Pedestrian Collisions,Pedestrian,15 to 19,Major,,,,,,,,,Normal,Yes,Yes,,,,,,,,,,76,Bay Street Corridor (76)
15762,2019,2019-08-03T04:00:00,1500,15,55 KING ST W,Bay Street,100 m West of,Major Arterial,Toronto and East York,10,52,43.648219,-79.382252,Mid-Block,Non Intersection,No Control,Clear,Daylight,Dry,Non-Fatal Injury,Pedestrian Collisions,Pedestrian,15 to 19,Minor,,,,,,,,,Normal,Yes,Yes,,,,,,,,,,76,Bay Street Corridor (76)
15763,2019,2019-08-03T04:00:00,1500,15,55 KING ST W,Bay Street,100 m West of,Major Arterial,Toronto and East York,10,52,43.648219,-79.382252,Mid-Block,Non Intersection,No Control,Clear,Daylight,Dry,Non-Fatal Injury,Pedestrian Collisions,Pedestrian,15 to 19,Minimal,,,,,,,,,Normal,Yes,Yes,,,,,,,,,,76,Bay Street Corridor (76)
15735,2019,2019-07-28T04:00:00,1054,10,ISLINGTON AVE,MILLWICK DR,,Major Arterial,Etobicoke York,7,31,43.759955,-79.571773,Intersection,At Intersection,Traffic Signal,Clear,Daylight,Dry,Fatal,Pedestrian Collisions,Driver,25 to 29,None,,South,"Automobile, Station Wagon",Turning Left,Failed to Yield Right of Way,Inattentive,,,,Yes,Yes,,,,,,Yes,,,,21,Humber Summit (21)
15738,2019,2019-07-28T04:00:00,1054,10,ISLINGTON AVE,MILLWICK DR,,Major Arterial,Etobicoke York,7,31,43.759955,-79.571773,Intersection,At Intersection,Traffic Signal,Clear,Daylight,Dry,Fatal,Pedestrian Collisions,Pedestrian,70 to 74,Fatal,29,North,,,,,Vehicle turns left while ped crosses with ROW at inter.,Crossing with right of way,Normal,Yes,Yes,,,,,,Yes,,,,21,Humber Summit (21)
15111,2019,2019-07-16T04:00:00,1401,14,BARKWOOD CRES,CLIFFWOOD RD,,Local,North York,17,33,43.804576,-79.35551,Intersection,At Intersection,No Control,Clear,Daylight,Dry,Fatal,Pedestrian Collisions,Driver,45 to 49,None,,East,Truck - Dump,Turning Left,Failed to Yield Right of Way,Inattentive,,,,Yes,,Yes,,,,,Yes,,,,48,Hillcrest Village (48)
15112,2019,2019-07-16T04:00:00,1401,14,BARKWOOD CRES,CLIFFWOOD RD,,Local,North York,17,33,43.804576,-79.35551,Intersection,At Intersection,No Control,Clear,Daylight,Dry,Fatal,Pedestrian Collisions,Pedestrian,65 to 69,Fatal,27,East,,,,,Vehicle turns left while ped crosses with ROW at inter.,Crossing with right of way,Normal,Yes,,Yes,,,,,Yes,,,,48,Hillcrest Village (48)
15101,2019,2019-07-12T04:00:00,1415,14,DUFFERIN ST,GERRY FITZGERALD DR,,Major Arterial,North York,6,32,43.783832,-79.470119,Intersection,At Intersection,Traffic Signal,Clear,Daylight,Dry,Non-Fatal Injury,Pedestrian Collisions,Driver,80 to 84,None,,South,"Automobile, Station Wagon",Going Ahead,Failed to Yield Right of Way,Normal,,,,Yes,Yes,,,,,,Yes,,,,34,Bathurst Manor (34)
15102,2019,2019-07-12T04:00:00,1415,14,DUFFERIN ST,GERRY FITZGERALD DR,,Major Arterial,North York,6,32,43.783832,-79.470119,Intersection,At Intersection,Traffic Signal,Clear,Daylight,Dry,Non-Fatal Injury,Pedestrian Collisions,Pedestrian,20 to 24,Major,,,,,,,,,Normal,Yes,Yes,,,,,,Yes,,,,34,Bathurst Manor (34)
15098,2019,2019-07-10T04:00:00,1221,12,FINCH AVE W,JANE ST,west of,Major Arterial,Etobicoke York,7,31,43.757025,-79.519054,Mid-Block,Non Intersection,No Control,Clear,Daylight,Dry,Fatal,Pedestrian Collisions,Pedestrian,60 to 64,Major,,South,,,,,Pedestrian hit at mid-block,"Crossing, no Traffic Control",Normal,Yes,Yes,,,,,,,,,,25,Glenfield-Jane Heights (25)
15099,2019,2019-07-10T04:00:00,1221,12,FINCH AVE W,JANE ST,west of,Major Arterial,Etobicoke York,7,31,43.757025,-79.519054,Mid-Block,Non Intersection,No Control,Clear,Daylight,Dry,Fatal,Pedestrian Collisions,Driver,25 to 29,None,,West,"Automobile, Station Wagon",Going Ahead,Driving Properly,Normal,,,,Yes,Yes,,,,,,,,,,25,Glenfield-Jane Heights (25)
15100,2019,2019-07-10T04:00:00,1221,12,FINCH AVE W,JANE ST,west of,Major Arterial,Etobicoke York,7,31,43.757025,-79.519054,Mid-Block,Non Intersection,No Control,Clear,Daylight,Dry,Fatal,Pedestrian Collisions,Pedestrian,60 to 64,Fatal,26,South,,,,,Pedestrian hit at mid-block,"Crossing, no Traffic Control",Normal,Yes,Yes,,,,,,,,,,25,Glenfield-Jane Heights (25)
14961,2019,2019-07-07T04:00:00,2010,20,SHEPPARD AVE E,NEILSON RD,,Major Arterial,Scarborough,,42,43.798118,-79.217632,Intersection,Intersection Related,Traffic Signal,Clear,Daylight,Dry,Non-Fatal Injury,Pedestrian Collisions,Pedestrian,25 to 29,Major,,,,,,,,,Normal,Yes,Yes,,,,,,,,,,132,Malvern (132)
15088,2019,2019-07-07T04:00:00,2010,20,SHEPPARD AVE E,NEILSON RD,,Major Arterial,Scarborough,,42,43.798118,-79.217632,Intersection,Intersection Related,Traffic Signal,Clear,Daylight,Dry,Non-Fatal Injury,Pedestrian Collisions,Driver,20 to 24,None,,North,"Automobile, Station Wagon",Turning Left,Improper Turn,Normal,,,,Yes,Yes,,,,,,,,,,132,Malvern (132)
15091,2019,2019-07-03T04:00:00,920,9,LAWRENCE AV W,KEELE ST,10 m East of,Major Arterial,Etobicoke York,5,12,43.70856,-79.477977,Mid-Block,Non Intersection,No Control,Clear,Daylight,Dry,Non-Fatal Injury,Pedestrian Collisions,Driver,45 to 49,Minimal,,West,"Automobile, Station Wagon",Going Ahead,Driving Properly,Normal,,,,Yes,Yes,,,,,,,,,,30,Brookhaven-Amesbury (30)
15092,2019,2019-07-03T04:00:00,920,9,LAWRENCE AV W,KEELE ST,10 m East of,Major Arterial,Etobicoke York,5,12,43.70856,-79.477977,Mid-Block,Non Intersection,No Control,Clear,Daylight,Dry,Non-Fatal Injury,Pedestrian Collisions,Pedestrian,50 to 54,Major,,South,,,,,Pedestrian hit at mid-block,Running onto Roadway,Inattentive,Yes,Yes,,,,,,,,,,30,Brookhaven-Amesbury (30)
15079,2019,2019-07-01T04:00:00,719,7,ST CLAIR AVE W,OAKWOOD AVE,,Major Arterial,Toronto and East York,9,13,43.679583,-79.43568,Intersection,At Intersection,Traffic Signal,Clear,Daylight,Dry,Non-Fatal Injury,Pedestrian Collisions,Driver,55 to 59,None,,West,"Automobile, Station Wagon",Going Ahead,Driving Properly,Normal,,,,Yes,Yes,,,,,,,,,,94,Wychwood (94)
15080,2019,2019-07-01T04:00:00,719,7,ST CLAIR AVE W,OAKWOOD AVE,,Major Arterial,Toronto and East York,9,13,43.679583,-79.43568,Intersection,At Intersection,Traffic Signal,Clear,Daylight,Dry,Non-Fatal Injury,Pedestrian Collisions,Pedestrian,60 to 64,Major,,,,,,,,,Inattentive,Yes,Yes,,,,,,,,,,94,Wychwood (94)
15073,2019,2019-06-27T04:00:00,1850,18,LAKE SHORE BLVD W,TENTH ST,6 m West of,Major Arterial,Etobicoke York,3,22,43.600013,-79.50861,Intersection,Intersection Related,Traffic Signal,Clear,Daylight,Dry,Non-Fatal Injury,Pedestrian Collisions,Driver,40 to 44,None,,North,Pick Up Truck,Turning Left,Failed to Yield Right of Way,Inattentive,,,,Yes,Yes,,,,,,Yes,,,,18,New Toronto (18)
15074,2019,2019-06-27T04:00:00,1850,18,LAKE SHORE BLVD W,TENTH ST,6 m West of,Major Arterial,Etobicoke York,3,22,43.600013,-79.50861,Intersection,Intersection Related,Traffic Signal,Clear,Daylight,Dry,Non-Fatal Injury,Pedestrian Collisions,Pedestrian,80 to 84,Major,,,,,,,,,Normal,Yes,Yes,,,,,,Yes,,,,18,New Toronto (18)
15071,2019,2019-06-26T04:00:00,902,9,VICTORIA ST,QUEEN ST E,,Major Arterial,Toronto and East York,13,51,43.65261,-79.378055,Intersection,At Intersection,Traffic Signal,Clear,Daylight,Dry,Fatal,Pedestrian Collisions,Driver,40 to 44,None,,South,Truck - Open,Going Ahead,Driving Properly,Unknown,,,,Yes,,Yes,,,,,,,,,75,Church-Yonge Corridor (75)
15072,2019,2019-06-26T04:00:00,902,9,VICTORIA ST,QUEEN ST E,,Major Arterial,Toronto and East York,13,51,43.65261,-79.378055,Intersection,At Intersection,Traffic Signal,Clear,Daylight,Dry,Fatal,Pedestrian Collisions,Pedestrian,55 to 59,Fatal,25,East,,,,,Vehicle is going straight thru inter.while ped cross without ROW,Crossing marked crosswalk without ROW,Unknown,Yes,,Yes,,,,,,,,,75,Church-Yonge Corridor (75)
15061,2019,2019-06-25T04:00:00,2002,20,MIDLAND AVENUE,MIDWEST ROAD,,Major Arterial,Scarborough,21,41,43.765876,-79.270527,Mid-Block,Non Intersection,No Control,Clear,Daylight,Dry,Non-Fatal Injury,Pedestrian Collisions,Driver,20 to 24,None,,North,"Automobile, Station Wagon",Going Ahead,Other,Unknown,,,,Yes,Yes,,,,Yes,,,,,,127,Bendale (127)
15062,2019,2019-06-25T04:00:00,2002,20,MIDLAND AVENUE,MIDWEST ROAD,,Major Arterial,Scarborough,21,41,43.765876,-79.270527,Mid-Block,Non Intersection,No Control,Clear,Daylight,Dry,Non-Fatal Injury,Pedestrian Collisions,Driver,40 to 44,None,,North,"Automobile, Station Wagon",Going Ahead,Driving Properly,Normal,,,,Yes,Yes,,,,Yes,,,,,,127,Bendale (127)
15063,2019,2019-06-25T04:00:00,2002,20,MIDLAND AVENUE,MIDWEST ROAD,,Major Arterial,Scarborough,21,41,43.765876,-79.270527,Mid-Block,Non Intersection,No Control,Clear,Daylight,Dry,Non-Fatal Injury,Pedestrian Collisions,Driver,40 to 44,None,,North,Pick Up Truck,Turning Left,Driving Properly,Normal,,,,Yes,Yes,,,,Yes,,,,,,127,Bendale (127)
15064,2019,2019-06-25T04:00:00,2002,20,MIDLAND AVENUE,MIDWEST ROAD,,Major Arterial,Scarborough,21,41,43.765876,-79.270527,Mid-Block,Non Intersection,No Control,Clear,Daylight,Dry,Non-Fatal Injury,Pedestrian Collisions,Pedestrian,35 to 39,Major,,,,,,,,,Unknown,Yes,Yes,,,,Yes,,,,,,127,Bendale (127)
15065,2019,2019-06-25T04:00:00,2002,20,MIDLAND AVENUE,MIDWEST ROAD,,Major Arterial,Scarborough,21,41,43.765876,-79.270527,Mid-Block,Non Intersection,No Control,Clear,Daylight,Dry,Non-Fatal Injury,Pedestrian Collisions,Driver,55 to 59,None,,North,Passenger Van,Going Ahead,Driving Properly,Normal,,,,Yes,Yes,,,,Yes,,,,,,127,Bendale (127)
15066,2019,2019-06-25T04:00:00,2002,20,MIDLAND AVENUE,MIDWEST ROAD,,Major Arterial,Scarborough,21,41,43.765876,-79.270527,Mid-Block,Non Intersection,No Control,Clear,Daylight,Dry,Non-Fatal Injury,Pedestrian Collisions,Passenger,20 to 24,None,,,,,,,,,,Yes,Yes,,,,Yes,,,,,,127,Bendale (127)
15067,2019,2019-06-25T04:00:00,2002,20,MIDLAND AVENUE,MIDWEST ROAD,,Major Arterial,Scarborough,21,41,43.765876,-79.270527,Mid-Block,Non Intersection,No Control,Clear,Daylight,Dry,Non-Fatal Injury,Pedestrian Collisions,Passenger,20 to 24,None,,,,,,,,,,Yes,Yes,,,,Yes,,,,,,127,Bendale (127)
15068,2019,2019-06-25T04:00:00,2002,20,MIDLAND AVENUE,MIDWEST ROAD,,Major Arterial,Scarborough,21,41,43.765876,-79.270527,Mid-Block,Non Intersection,No Control,Clear,Daylight,Dry,Non-Fatal Injury,Pedestrian Collisions,Passenger,20 to 24,None,,,,,,,,,,Yes,Yes,,,,Yes,,,,,,127,Bendale (127)
15042,2019,2019-06-20T04:00:00,1315,13,REGENT PARK BLVD,DUNDAS ST E,,Major Arterial,Toronto and East York,13,51,43.660288,-79.361743,Intersection,At Intersection,Traffic Signal,Clear,Daylight,Dry,Fatal,Pedestrian Collisions,Pedestrian,35 to 39,Fatal,23,Unknown,,,,,Pedestrian hit on sidewalk or shoulder,On Sidewalk or Shoulder,Normal,Yes,Yes,,,,,,,,,,72,Regent Park (72)
15043,2019,2019-06-20T04:00:00,1315,13,REGENT PARK BLVD,DUNDAS ST E,,Major Arterial,Toronto and East York,13,51,43.660288,-79.361743,Intersection,At Intersection,Traffic Signal,Clear,Daylight,Dry,Fatal,Pedestrian Collisions,Driver,40 to 44,None,,East,"Automobile, Station Wagon",Going Ahead,Lost control,"Ability Impaired, Drugs",,,,Yes,Yes,,,,,,,,,,72,Regent Park (72)
15026,2019,2019-06-12T04:00:00,1750,17,BLOOR ST W,JOPLING AV N,26 m East of,Major Arterial,Etobicoke York,,22,43.640933,-79.538921,Mid-Block,At/Near Private Drive,No Control,Clear,Daylight,Dry,Non-Fatal Injury,Pedestrian Collisions,Driver,55 to 59,None,,North,"Automobile, Station Wagon",Turning Left,Failed to Yield Right of Way,Normal,,,,Yes,Yes,,,,,,Yes,,,,14,Islington-City Centre West (14)
15027,2019,2019-06-12T04:00:00,1750,17,BLOOR ST W,JOPLING AV N,26 m East of,Major Arterial,Etobicoke York,,22,43.640933,-79.538921,Mid-Block,At/Near Private Drive,No Control,Clear,Daylight,Dry,Non-Fatal Injury,Pedestrian Collisions,Pedestrian,20 to 24,Major,,,,,,,,,Normal,Yes,Yes,,,,,,Yes,,,,14,Islington-City Centre West (14)
15028,2019,2019-06-12T04:00:00,1750,17,BLOOR ST W,JOPLING AV N,26 m East of,Major Arterial,Etobicoke York,,22,43.640933,-79.538921,Mid-Block,At/Near Private Drive,No Control,Clear,Daylight,Dry,Non-Fatal Injury,Pedestrian Collisions,Pedestrian,45 to 49,Minor,,,,,,,,,Normal,Yes,Yes,,,,,,Yes,,,,14,Islington-City Centre West (14)
15020,2019,2019-06-11T04:00:00,1305,13,ST CLAIR AVE E,NORTH WOODROW BLVD,,Major Arterial,Scarborough,20,41,43.715255,-79.266704,Intersection,Intersection Related,Stop Sign,Clear,Daylight,Dry,Non-Fatal Injury,Pedestrian Collisions,Driver,55 to 59,None,,West,"Automobile, Station Wagon",Going Ahead,Failed to Yield Right of Way,Normal,,,,Yes,Yes,,,,Yes,,Yes,,,,120,Clairlea-Birchmount (120)
15021,2019,2019-06-11T04:00:00,1305,13,ST CLAIR AVE E,NORTH WOODROW BLVD,,Major Arterial,Scarborough,20,41,43.715255,-79.266704,Intersection,Intersection Related,Stop Sign,Clear,Daylight,Dry,Non-Fatal Injury,Pedestrian Collisions,Passenger,55 to 59,None,,,,,,,,,,Yes,Yes,,,,Yes,,Yes,,,,120,Clairlea-Birchmount (120)
15023,2019,2019-06-11T04:00:00,1305,13,ST CLAIR AVE E,NORTH WOODROW BLVD,,Major Arterial,Scarborough,20,41,43.715255,-79.266704,Intersection,Intersection Related,Stop Sign,Clear,Daylight,Dry,Non-Fatal Injury,Pedestrian Collisions,Pedestrian,20 to 24,Major,,,,,,,,,Normal,Yes,Yes,,,,Yes,,Yes,,,,120,Clairlea-Birchmount (120)
15009,2019,2019-06-07T04:00:00,2018,20,FINCH AV W,MILVAN DR,,Major Arterial,Etobicoke York,7,31,43.749942,-79.552288,Intersection,At Intersection,Traffic Signal,Clear,Dusk,Dry,Non-Fatal Injury,Pedestrian Collisions,Driver,unknown,None,,South,"Automobile, Station Wagon",Turning Right,Failed to Yield Right of Way,Unknown,,,,Yes,Yes,,,,,,Yes,,,,21,Humber Summit (21)
15013,2019,2019-06-07T04:00:00,2018,20,FINCH AV W,MILVAN DR,,Major Arterial,Etobicoke York,7,31,43.749942,-79.552288,Intersection,At Intersection,Traffic Signal,Clear,Dusk,Dry,Non-Fatal Injury,Pedestrian Collisions,Pedestrian,35 to 39,Major,,,,,,,,,Normal,Yes,Yes,,,,,,Yes,,,,21,Humber Summit (21)
15328,2019,2019-06-07T04:00:00,1925,19,DANFORTH AVENUE,COXWELL AVENUE,60 m North of,Major Arterial,Toronto and East York,,54,43.68341,-79.323658,Mid-Block,Non Intersection,Traffic Signal,Clear,"Daylight, artificial",Dry,Non-Fatal Injury,Pedestrian Collisions,Driver,40 to 44,None,,East,"Automobile, Station Wagon",Going Ahead,Driving Properly,Normal,,,,Yes,Yes,,,,Yes,,,,,,66,Danforth (66)
15329,2019,2019-06-07T04:00:00,1925,19,DANFORTH AVENUE,COXWELL AVENUE,60 m North of,Major Arterial,Toronto and East York,,54,43.68341,-79.323658,Mid-Block,Non Intersection,Traffic Signal,Clear,"Daylight, artificial",Dry,Non-Fatal Injury,Pedestrian Collisions,Passenger,35 to 39,None,,,,,,,,,,Yes,Yes,,,,Yes,,,,,,66,Danforth (66)
15330,2019,2019-06-07T04:00:00,1925,19,DANFORTH AVENUE,COXWELL AVENUE,60 m North of,Major Arterial,Toronto and East York,,54,43.68341,-79.323658,Mid-Block,Non Intersection,Traffic Signal,Clear,"Daylight, artificial",Dry,Non-Fatal Injury,Pedestrian Collisions,Pedestrian,55 to 59,Major,,,,,,,,,Normal,Yes,Yes,,,,Yes,,,,,,66,Danforth (66)
15324,2019,2019-06-06T04:00:00,1550,15,3 DREWRY AVE,,25 m West of YONGE ST,Minor Arterial,North York,18,32,43.786971,-79.417285,Mid-Block,At/Near Private Drive,No Control,Clear,Daylight,Dry,Non-Fatal Injury,Pedestrian Collisions,Driver,60 to 64,Minimal,,North,"Automobile, Station Wagon",Going Ahead,Driving Properly,Inattentive,,,,Yes,Yes,,,,,,,,,,50,Newtonbrook East (50)
15325,2019,2019-06-06T04:00:00,1550,15,3 DREWRY AVE,,25 m West of YONGE ST,Minor Arterial,North York,18,32,43.786971,-79.417285,Mid-Block,At/Near Private Drive,No Control,Clear,Daylight,Dry,Non-Fatal Injury,Pedestrian Collisions,Pedestrian,70 to 74,Major,,,,,,,Pedestrian hit at mid-block,,Inattentive,Yes,Yes,,,,,,,,,,50,Newtonbrook East (50)
15317,2019,2019-06-03T04:00:00,1624,16,STEELES AV E,BESTVIEW DR,12 m West of,Major Arterial,North York,17,33,43.806083,-79.383365,Mid-Block,Non Intersection,Stop Sign,Clear,Daylight,Dry,Non-Fatal Injury,Pedestrian Collisions,Driver,45 to 49,None,,West,"Automobile, Station Wagon",Going Ahead,Driving Properly,Normal,,,,Yes,Yes,,,,Yes,,,,,,49,Bayview Woods-Steeles (49)
15318,2019,2019-06-03T04:00:00,1624,16,STEELES AV E,BESTVIEW DR,12 m West of,Major Arterial,North York,17,33,43.806083,-79.383365,Mid-Block,Non Intersection,Stop Sign,Clear,Daylight,Dry,Non-Fatal Injury,Pedestrian Collisions,Passenger,10 to 14,None,,,,,,,,,,Yes,Yes,,,,Yes,,,,,,49,Bayview Woods-Steeles (49)
15319,2019,2019-06-03T04:00:00,1624,16,STEELES AV E,BESTVIEW DR,12 m West of,Major Arterial,North York,17,33,43.806083,-79.383365,Mid-Block,Non Intersection,Stop Sign,Clear,Daylight,Dry,Non-Fatal Injury,Pedestrian Collisions,Passenger,5 to 9,None,,,,,,,,,,Yes,Yes,,,,Yes,,,,,,49,Bayview Woods-Steeles (49)
15320,2019,2019-06-03T04:00:00,1624,16,STEELES AV E,BESTVIEW DR,12 m West of,Major Arterial,North York,17,33,43.806083,-79.383365,Mid-Block,Non Intersection,Stop Sign,Clear,Daylight,Dry,Non-Fatal Injury,Pedestrian Collisions,Pedestrian,45 to 49,Major,,,,,,,,,Normal,Yes,Yes,,,,Yes,,,,,,49,Bayview Woods-Steeles (49)
15302,2019,2019-06-03T04:00:00,1524,15,MIDLAND AVE,LOCKIE AVE,5 m  of,Major Arterial,Scarborough,,42,43.788863,-79.280002,Intersection,Intersection Related,Traffic Signal,Clear,Daylight,Dry,Non-Fatal Injury,Pedestrian Collisions,Passenger,5 to 9,None,,,,,,,,,,Yes,Yes,,,,Yes,,,,,,128,Agincourt South-Malvern West (128)
15314,2019,2019-06-03T04:00:00,1524,15,MIDLAND AVE,LOCKIE AVE,5 m  of,Major Arterial,Scarborough,,42,43.788863,-79.280002,Intersection,Intersection Related,Traffic Signal,Clear,Daylight,Dry,Non-Fatal Injury,Pedestrian Collisions,Driver,60 to 64,None,,South,"Automobile, Station Wagon",Going Ahead,Driving Properly,Normal,,,,Yes,Yes,,,,Yes,,,,,,128,Agincourt South-Malvern West (128)
15315,2019,2019-06-03T04:00:00,1524,15,MIDLAND AVE,LOCKIE AVE,5 m  of,Major Arterial,Scarborough,,42,43.788863,-79.280002,Intersection,Intersection Related,Traffic Signal,Clear,Daylight,Dry,Non-Fatal Injury,Pedestrian Collisions,Pedestrian,10 to 14,Major,,,,,,,,,Normal,Yes,Yes,,,,Yes,,,,,,128,Agincourt South-Malvern West (128)
15316,2019,2019-06-03T04:00:00,1524,15,MIDLAND AVE,LOCKIE AVE,5 m  of,Major Arterial,Scarborough,,42,43.788863,-79.280002,Intersection,Intersection Related,Traffic Signal,Clear,Daylight,Dry,Non-Fatal Injury,Pedestrian Collisions,Pedestrian,10 to 14,Major,,,,,,,,,Normal,Yes,Yes,,,,Yes,,,,,,128,Agincourt South-Malvern West (128)