_id,YEAR,DATE,TIME,HOUR,STREET1,STREET2,OFFSET,ROAD_CLASS,District,WardNum,Division,LATITUDE,LONGITUDE,LOCCOORD,ACCLOC,TRAFFCTL,VISIBILITY,LIGHT,RDSFCOND,ACCLASS,IMPACTYPE,INVTYPE,INVAGE,INJURY,FATAL_NO,INITDIR,VEHTYPE,MANOEUVER,DRIVACT,DRIVCOND,PEDTYPE,PEDACT,PEDCOND,PEDESTRIAN,AUTOMOBILE,TRUCK,TRSN_CITY_VEH,EMERG_VEH,PASSENGER,SPEEDING,AG_DRIV,REDLIGHT,ALCOHOL,DISABILITY,Hood_ID,Neighbourhood
15312,2019,2019-06-02T04:00:00,1247,12,MCLEVIN AV,HUPFIELD TL,,Minor Arterial,Scarborough,25,42,43.810336,-79.219997,Intersection,At Intersection,Traffic Signal,Clear,Daylight,Dry,Non-Fatal Injury,Pedestrian Collisions,Driver,60 to 64,None,,South,Pick Up Truck,Turning Left,Failed to Yield Right of Way,Normal,,,,Yes,Yes,,,,,,Yes,,,,132,Malvern (132)
15313,2019,2019-06-02T04:00:00,1247,12,MCLEVIN AV,HUPFIELD TL,,Minor Arterial,Scarborough,25,42,43.810336,-79.219997,Intersection,At Intersection,Traffic Signal,Clear,Daylight,Dry,Non-Fatal Injury,Pedestrian Collisions,Pedestrian,75 to 79,Major,,,,,,,,,Normal,Yes,Yes,,,,,,Yes,,,,132,Malvern (132)
15293,2019,2019-05-23T04:00:00,1730,17,QUEEN ST E,CARROLL ST,,Major Arterial,Toronto and East York,14,55,43.658324,-79.352207,Intersection,At Intersection,Pedestrian Crossover,Clear,Daylight,Dry,Non-Fatal Injury,Pedestrian Collisions,Driver,70 to 74,None,,West,"Automobile, Station Wagon",Going Ahead,Failed to Yield Right of Way,Inattentive,,,,Yes,Yes,,,,,,Yes,,,,70,South Riverdale (70)
15294,2019,2019-05-23T04:00:00,1730,17,QUEEN ST E,CARROLL ST,,Major Arterial,Toronto and East York,14,55,43.658324,-79.352207,Intersection,At Intersection,Pedestrian Crossover,Clear,Daylight,Dry,Non-Fatal Injury,Pedestrian Collisions,Pedestrian,70 to 74,Major,,,,,,,,,Normal,Yes,Yes,,,,,,Yes,,,,70,South Riverdale (70)
15288,2019,2019-05-22T04:00:00,1439,14,RICHMOND ST W,AUGUSTA AVE,,Major Arterial,Toronto and East York,10,14,43.647334,-79.399349,Intersection,Intersection Related,No Control,Clear,Daylight,Dry,Non-Fatal Injury,Pedestrian Collisions,Truck Driver,35 to 39,None,,West,Truck - Tank,Going Ahead,Driving Properly,Unknown,,,,Yes,,Yes,,,,,,,,,77,Waterfront Communities-The Island (77)
15289,2019,2019-05-22T04:00:00,1439,14,RICHMOND ST W,AUGUSTA AVE,,Major Arterial,Toronto and East York,10,14,43.647334,-79.399349,Intersection,Intersection Related,No Control,Clear,Daylight,Dry,Non-Fatal Injury,Pedestrian Collisions,Pedestrian,45 to 49,Major,,,,,,,,,Inattentive,Yes,,Yes,,,,,,,,,77,Waterfront Communities-The Island (77)
15284,2019,2019-05-21T04:00:00,1143,11,QUEEN ST W,SHAW ST,,Major Arterial,Toronto and East York,10,14,43.644717,-79.416271,Intersection,Intersection Related,Traffic Signal,Clear,Daylight,Dry,Non-Fatal Injury,Pedestrian Collisions,Driver,75 to 79,None,,South,"Automobile, Station Wagon",Turning Left,Failed to Yield Right of Way,Inattentive,,,,Yes,Yes,,,,,,Yes,,,,81,Trinity-Bellwoods (81)
15285,2019,2019-05-21T04:00:00,1143,11,QUEEN ST W,SHAW ST,,Major Arterial,Toronto and East York,10,14,43.644717,-79.416271,Intersection,Intersection Related,Traffic Signal,Clear,Daylight,Dry,Non-Fatal Injury,Pedestrian Collisions,Pedestrian,80 to 84,Major,,,,,,,,,Normal,Yes,Yes,,,,,,Yes,,,,81,Trinity-Bellwoods (81)
15282,2019,2019-05-20T04:00:00,920,9,QUEENS QUAY WEST,YORK STREET,10 m West of,Minor Arterial,Toronto and East York,10,52,43.63996,-79.380169,Intersection,Intersection Related,Traffic Signal,Clear,Daylight,Dry,Non-Fatal Injury,Pedestrian Collisions,Driver,45 to 49,Minimal,,West,Street Car,Going Ahead,Driving Properly,Normal,,,,Yes,,,Yes,,,,,,,,77,Waterfront Communities-The Island (77)
15283,2019,2019-05-20T04:00:00,920,9,QUEENS QUAY WEST,YORK STREET,10 m West of,Minor Arterial,Toronto and East York,10,52,43.63996,-79.380169,Intersection,Intersection Related,Traffic Signal,Clear,Daylight,Dry,Non-Fatal Injury,Pedestrian Collisions,Pedestrian,30 to 34,Major,,,,,,,,,Inattentive,Yes,,,Yes,,,,,,,,77,Waterfront Communities-The Island (77)
15279,2019,2019-05-19T04:00:00,1154,11,KING ST W,JAMESON AV,,Major Arterial,Toronto and East York,4,14,43.637176,-79.436008,Intersection,Intersection Related,Traffic Signal,Clear,Daylight,Dry,Non-Fatal Injury,Pedestrian Collisions,Driver,25 to 29,None,,West,"Automobile, Station Wagon",Turning Left,Failed to Yield Right of Way,Inattentive,,,,Yes,Yes,,,,,,Yes,,,,85,South Parkdale (85)
15280,2019,2019-05-19T04:00:00,1154,11,KING ST W,JAMESON AV,,Major Arterial,Toronto and East York,4,14,43.637176,-79.436008,Intersection,Intersection Related,Traffic Signal,Clear,Daylight,Dry,Non-Fatal Injury,Pedestrian Collisions,Driver,65 to 69,None,,East,"Automobile, Station Wagon",Going Ahead,Driving Properly,Normal,,,,Yes,Yes,,,,,,Yes,,,,85,South Parkdale (85)
15281,2019,2019-05-19T04:00:00,1154,11,KING ST W,JAMESON AV,,Major Arterial,Toronto and East York,4,14,43.637176,-79.436008,Intersection,Intersection Related,Traffic Signal,Clear,Daylight,Dry,Non-Fatal Injury,Pedestrian Collisions,Pedestrian,55 to 59,Major,,,,,,,,,Normal,Yes,Yes,,,,,,Yes,,,,85,South Parkdale (85)
15273,2019,2019-05-12T04:00:00,2045,20,LAKESHORE BL W,KIPLING AV,,Major Arterial,Etobicoke York,3,22,43.598193,-79.516918,Intersection,Intersection Related,Traffic Signal,Rain,"Dark, artificial",Wet,Non-Fatal Injury,Pedestrian Collisions,Driver,40 to 44,None,,East,"Automobile, Station Wagon",Going Ahead,Driving Properly,Normal,,,,Yes,Yes,,,,,,,,,,18,New Toronto (18)
15274,2019,2019-05-12T04:00:00,2045,20,LAKESHORE BL W,KIPLING AV,,Major Arterial,Etobicoke York,3,22,43.598193,-79.516918,Intersection,Intersection Related,Traffic Signal,Rain,"Dark, artificial",Wet,Non-Fatal Injury,Pedestrian Collisions,Pedestrian,15 to 19,Major,,,,,,,,,Normal,Yes,Yes,,,,,,,,,,18,New Toronto (18)
15251,2019,2019-05-02T04:00:00,1755,17,THE QUEENSWAY,LADY BANK RD,,Major Arterial,Etobicoke York,3,22,43.624335,-79.511661,Intersection,At Intersection,Traffic Signal,Clear,Daylight,Dry,Non-Fatal Injury,Pedestrian Collisions,Driver,35 to 39,None,,North,"Automobile, Station Wagon",Turning Left,Improper Turn,Normal,,,,Yes,Yes,,,,,,,,,,16,Stonegate-Queensway (16)
15252,2019,2019-05-02T04:00:00,1755,17,THE QUEENSWAY,LADY BANK RD,,Major Arterial,Etobicoke York,3,22,43.624335,-79.511661,Intersection,At Intersection,Traffic Signal,Clear,Daylight,Dry,Non-Fatal Injury,Pedestrian Collisions,Pedestrian,15 to 19,Major,,,,,,,,,Normal,Yes,Yes,,,,,,,,,,16,Stonegate-Queensway (16)
15248,2019,2019-05-01T04:00:00,1634,16,FAIRFAX CRES,WARDEN AVE,,Major Arterial,Scarborough,20,41,43.716178,-79.282734,Intersection,Intersection Related,Traffic Signal,Rain,Daylight,Wet,Non-Fatal Injury,Pedestrian Collisions,Driver,55 to 59,None,,East,"Automobile, Station Wagon",Turning Left,Failed to Yield Right of Way,Normal,,,,Yes,Yes,,,,,,Yes,,,,120,Clairlea-Birchmount (120)
15249,2019,2019-05-01T04:00:00,1634,16,FAIRFAX CRES,WARDEN AVE,,Major Arterial,Scarborough,20,41,43.716178,-79.282734,Intersection,Intersection Related,Traffic Signal,Rain,Daylight,Wet,Non-Fatal Injury,Pedestrian Collisions,Pedestrian,15 to 19,Major,,,,,,,,,Normal,Yes,Yes,,,,,,Yes,,,,120,Clairlea-Birchmount (120)
15246,2019,2019-04-30T04:00:00,725,7,STAINES RD,SOLSTICE DR,10 m South of,Collector,Scarborough,23,42,43.836642,-79.231487,Mid-Block,Non Intersection,Stop Sign,Clear,Daylight,Dry,Non-Fatal Injury,Pedestrian Collisions,Driver,40 to 44,None,,South,Municipal Transit Bus (TTC),Going Ahead,Driving Properly,Normal,,,,Yes,,,Yes,,,,,,,,131,Rouge (131)
15247,2019,2019-04-30T04:00:00,725,7,STAINES RD,SOLSTICE DR,10 m South of,Collector,Scarborough,23,42,43.836642,-79.231487,Mid-Block,Non Intersection,Stop Sign,Clear,Daylight,Dry,Non-Fatal Injury,Pedestrian Collisions,Pedestrian,15 to 19,Major,,,,,,,,,Inattentive,Yes,,,Yes,,,,,,,,131,Rouge (131)
15241,2019,2019-04-24T04:00:00,1005,10,DUNDAS ST W,UNIVERSITY AVE,,Major Arterial,Toronto and East York,,52,43.654788,-79.388286,Intersection,At Intersection,Traffic Signal,Clear,Daylight,Dry,Non-Fatal Injury,Pedestrian Collisions,Driver,60 to 64,None,,West,"Automobile, Station Wagon",Turning Right,Improper Turn,Unknown,,,,Yes,Yes,,,,,,,,,,76,Bay Street Corridor (76)
15242,2019,2019-04-24T04:00:00,1005,10,DUNDAS ST W,UNIVERSITY AVE,,Major Arterial,Toronto and East York,,52,43.654788,-79.388286,Intersection,At Intersection,Traffic Signal,Clear,Daylight,Dry,Non-Fatal Injury,Pedestrian Collisions,Pedestrian,35 to 39,Major,,,,,,,,,Fatigue,Yes,Yes,,,,,,,,,,76,Bay Street Corridor (76)
15239,2019,2019-04-23T04:00:00,1632,16,COMRIE TER,BRIMLEY RD,200 m East of,Collector,Scarborough,20,43,43.727439,-79.241939,Mid-Block,Non Intersection,No Control,Clear,Daylight,Dry,Non-Fatal Injury,Pedestrian Collisions,Driver,20 to 24,None,,East,"Automobile, Station Wagon",Going Ahead,Driving Properly,Unknown,,,,Yes,Yes,,,,,,,,,,123,Cliffcrest (123)
15240,2019,2019-04-23T04:00:00,1632,16,COMRIE TER,BRIMLEY RD,200 m East of,Collector,Scarborough,20,43,43.727439,-79.241939,Mid-Block,Non Intersection,No Control,Clear,Daylight,Dry,Non-Fatal Injury,Pedestrian Collisions,Pedestrian,0 to 4,Major,,,,,,,,,Normal,Yes,Yes,,,,,,,,,,123,Cliffcrest (123)
15030,2019,2019-04-18T04:00:00,1145,11,VICTORIA ST,LOMBARD ST,,Collector,Toronto and East York,13,51,43.651305,-79.37746,Intersection,Intersection Related,Stop Sign,Clear,Daylight,Dry,Non-Fatal Injury,Pedestrian Collisions,Pedestrian,45 to 49,Major,,,,,,,,,Normal,Yes,Yes,,,,,,,,,,75,Church-Yonge Corridor (75)
15431,2019,2019-04-18T04:00:00,1145,11,VICTORIA ST,LOMBARD ST,,Collector,Toronto and East York,13,51,43.651305,-79.37746,Intersection,Intersection Related,Stop Sign,Clear,Daylight,Dry,Non-Fatal Injury,Pedestrian Collisions,Driver,unknown,None,,East,"Automobile, Station Wagon",Reversing,Other,Unknown,,,,Yes,Yes,,,,,,,,,,75,Church-Yonge Corridor (75)
15428,2019,2019-04-17T04:00:00,805,8,SHEPPARD AV E,KENNEDY ROAD,264 m West of,Major Arterial,Scarborough,22,42,43.781795,-79.294933,Mid-Block,Non Intersection,No Control,Clear,Daylight,Dry,Non-Fatal Injury,Pedestrian Collisions,Driver,60 to 64,None,,East,"Automobile, Station Wagon",Going Ahead,Driving Properly,Normal,,,,Yes,Yes,,,,Yes,,,,,,118,Tam O'Shanter-Sullivan (118)
15429,2019,2019-04-17T04:00:00,805,8,SHEPPARD AV E,KENNEDY ROAD,264 m West of,Major Arterial,Scarborough,22,42,43.781795,-79.294933,Mid-Block,Non Intersection,No Control,Clear,Daylight,Dry,Non-Fatal Injury,Pedestrian Collisions,Passenger,30 to 34,None,,,,,,,,,,Yes,Yes,,,,Yes,,,,,,118,Tam O'Shanter-Sullivan (118)
15430,2019,2019-04-17T04:00:00,805,8,SHEPPARD AV E,KENNEDY ROAD,264 m West of,Major Arterial,Scarborough,22,42,43.781795,-79.294933,Mid-Block,Non Intersection,No Control,Clear,Daylight,Dry,Non-Fatal Injury,Pedestrian Collisions,Pedestrian,Over 95,Major,,,,,,,,,Normal,Yes,Yes,,,,Yes,,,,,,118,Tam O'Shanter-Sullivan (118)
15412,2019,2019-04-09T04:00:00,1132,11,ST CLAIR AVE E,YONGE ST,,Major Arterial,Toronto and East York,12,53,43.688079,-79.394108,Intersection,At Intersection,Traffic Signal,Clear,Daylight,Dry,Non-Fatal Injury,Pedestrian Collisions,Driver,20 to 24,None,,East,"Automobile, Station Wagon",Going Ahead,Failed to Yield Right of Way,Unknown,,,,Yes,Yes,,,,,,Yes,,,,98,Rosedale-Moore Park (98)
15413,2019,2019-04-09T04:00:00,1132,11,ST CLAIR AVE E,YONGE ST,,Major Arterial,Toronto and East York,12,53,43.688079,-79.394108,Intersection,At Intersection,Traffic Signal,Clear,Daylight,Dry,Non-Fatal Injury,Pedestrian Collisions,Pedestrian,45 to 49,Major,,,,,,,,,Medical or Physical Disability,Yes,Yes,,,,,,Yes,,,,98,Rosedale-Moore Park (98)
15410,2019,2019-04-09T04:00:00,853,8,JANE ST,EGLINTON AVE W,68 m North of,Major Arterial,Etobicoke York,5,12,43.684474,-79.498829,Intersection,At Intersection,Traffic Signal,Clear,Daylight,Dry,Non-Fatal Injury,Pedestrian Collisions,Driver,20 to 24,None,,North,"Automobile, Station Wagon",Going Ahead,Driving Properly,Normal,,,,Yes,Yes,,,,,,,,,,115,Mount Dennis (115)
15411,2019,2019-04-09T04:00:00,853,8,JANE ST,EGLINTON AVE W,68 m North of,Major Arterial,Etobicoke York,5,12,43.684474,-79.498829,Intersection,At Intersection,Traffic Signal,Clear,Daylight,Dry,Non-Fatal Injury,Pedestrian Collisions,Pedestrian,10 to 14,Major,,,,,,,,,Normal,Yes,Yes,,,,,,,,,,115,Mount Dennis (115)
15408,2019,2019-04-07T04:00:00,1330,13,PORT UNION RD,CONFERENCE BLVD,4 m  of,Minor Arterial,Scarborough,25,43,43.786128,-79.13937,Intersection,At Intersection,Traffic Signal,Clear,Daylight,Dry,Non-Fatal Injury,Pedestrian Collisions,Driver,65 to 69,None,,East,Pick Up Truck,Turning Left,Failed to Yield Right of Way,Normal,,,,Yes,Yes,,,,,,Yes,,,,131,Rouge (131)
15409,2019,2019-04-07T04:00:00,1330,13,PORT UNION RD,CONFERENCE BLVD,4 m  of,Minor Arterial,Scarborough,25,43,43.786128,-79.13937,Intersection,At Intersection,Traffic Signal,Clear,Daylight,Dry,Non-Fatal Injury,Pedestrian Collisions,Pedestrian,45 to 49,Major,,,,,,,,,Normal,Yes,Yes,,,,,,Yes,,,,131,Rouge (131)
15402,2019,2019-04-06T04:00:00,907,9,SCOTTFIELD DR,FINCH AVE E,,Major Arterial,Scarborough,23,42,43.810782,-79.252879,Intersection,At Intersection,Traffic Signal,Clear,Daylight,Dry,Fatal,Pedestrian Collisions,Pedestrian,85 to 89,Fatal,16,North,,,,,Vehicle turns left while ped crosses with ROW at inter.,Crossing with right of way,Normal,Yes,Yes,,,,,,Yes,,,,129,Agincourt North (129)
15404,2019,2019-04-06T04:00:00,907,9,SCOTTFIELD DR,FINCH AVE E,,Major Arterial,Scarborough,23,42,43.810782,-79.252879,Intersection,At Intersection,Traffic Signal,Clear,Daylight,Dry,Fatal,Pedestrian Collisions,Driver,50 to 54,None,,South,Pick Up Truck,Turning Left,Failed to Yield Right of Way,Normal,,,,Yes,Yes,,,,,,Yes,,,,129,Agincourt North (129)
15395,2019,2019-04-01T04:00:00,848,8,QUEEN STREET EAST,CARROLL STREET,13 m East of,Major Arterial,Toronto and East York,14,55,43.658324,-79.352207,Intersection,Intersection Related,Pedestrian Crossover,Clear,Daylight,Dry,Non-Fatal Injury,Pedestrian Collisions,Driver,30 to 34,None,,East,Street Car,Going Ahead,Following too Close,Normal,,,,Yes,Yes,,Yes,,,,Yes,,,,70,South Riverdale (70)
15396,2019,2019-04-01T04:00:00,848,8,QUEEN STREET EAST,CARROLL STREET,13 m East of,Major Arterial,Toronto and East York,14,55,43.658324,-79.352207,Intersection,Intersection Related,Pedestrian Crossover,Clear,Daylight,Dry,Non-Fatal Injury,Pedestrian Collisions,Driver,40 to 44,Minimal,,East,"Automobile, Station Wagon",Stopped,Driving Properly,Normal,,,,Yes,Yes,,Yes,,,,Yes,,,,70,South Riverdale (70)
15397,2019,2019-04-01T04:00:00,848,8,QUEEN STREET EAST,CARROLL STREET,13 m East of,Major Arterial,Toronto and East York,14,55,43.658324,-79.352207,Intersection,Intersection Related,Pedestrian Crossover,Clear,Daylight,Dry,Non-Fatal Injury,Pedestrian Collisions,Pedestrian,30 to 34,Major,,,,,,,,,Normal,Yes,Yes,,Yes,,,,Yes,,,,70,South Riverdale (70)
15386,2019,2019-03-25T04:00:00,1900,19,DREWRY AVENUE,CHELMSFORD AVENUE,10 m North of,Minor Arterial,North York,18,32,43.782882,-79.436512,Intersection,At Intersection,Stop Sign,Clear,Daylight,Dry,Non-Fatal Injury,Pedestrian Collisions,Driver,45 to 49,None,,West,"Automobile, Station Wagon",Turning Right,Driving Properly,Unknown,,,,Yes,Yes,,,,,,,,,,36,Newtonbrook West (36)
15387,2019,2019-03-25T04:00:00,1900,19,DREWRY AVENUE,CHELMSFORD AVENUE,10 m North of,Minor Arterial,North York,18,32,43.782882,-79.436512,Intersection,At Intersection,Stop Sign,Clear,Daylight,Dry,Non-Fatal Injury,Pedestrian Collisions,Pedestrian,65 to 69,Major,,,,,,,,,Normal,Yes,Yes,,,,,,,,,,36,Newtonbrook West (36)
15374,2019,2019-03-20T04:00:00,1222,12,NORTH QUEEN ST,MEDULLA AV,,Minor Arterial,Etobicoke York,3,22,43.621368,-79.545437,Intersection,Intersection Related,No Control,Clear,Daylight,Dry,Non-Fatal Injury,Pedestrian Collisions,Driver,40 to 44,None,,East,"Automobile, Station Wagon",Going Ahead,Driving Properly,Normal,,,,Yes,Yes,,,,Yes,,,,,,14,Islington-City Centre West (14)
15375,2019,2019-03-20T04:00:00,1222,12,NORTH QUEEN ST,MEDULLA AV,,Minor Arterial,Etobicoke York,3,22,43.621368,-79.545437,Intersection,Intersection Related,No Control,Clear,Daylight,Dry,Non-Fatal Injury,Pedestrian Collisions,Passenger,30 to 34,None,,,,,,,,,,Yes,Yes,,,,Yes,,,,,,14,Islington-City Centre West (14)
15376,2019,2019-03-20T04:00:00,1222,12,NORTH QUEEN ST,MEDULLA AV,,Minor Arterial,Etobicoke York,3,22,43.621368,-79.545437,Intersection,Intersection Related,No Control,Clear,Daylight,Dry,Non-Fatal Injury,Pedestrian Collisions,Pedestrian,60 to 64,Major,,,,,,,,,Normal,Yes,Yes,,,,Yes,,,,,,14,Islington-City Centre West (14)
15368,2019,2019-03-18T04:00:00,1545,15,LESLIE ST,FINCH AVE E,,Major Arterial,North York,17,33,43.790008,-79.36803,Intersection,At Intersection,Traffic Signal,Clear,Daylight,Dry,Non-Fatal Injury,Pedestrian Collisions,Driver,50 to 54,None,,North,"Automobile, Station Wagon",Going Ahead,Driving Properly,Normal,,,,Yes,Yes,,,,Yes,,,,,,48,Hillcrest Village (48)
15369,2019,2019-03-18T04:00:00,1545,15,LESLIE ST,FINCH AVE E,,Major Arterial,North York,17,33,43.790008,-79.36803,Intersection,At Intersection,Traffic Signal,Clear,Daylight,Dry,Non-Fatal Injury,Pedestrian Collisions,Passenger,45 to 49,None,,,,,,,,,,Yes,Yes,,,,Yes,,,,,,48,Hillcrest Village (48)
15370,2019,2019-03-18T04:00:00,1545,15,LESLIE ST,FINCH AVE E,,Major Arterial,North York,17,33,43.790008,-79.36803,Intersection,At Intersection,Traffic Signal,Clear,Daylight,Dry,Non-Fatal Injury,Pedestrian Collisions,Pedestrian,10 to 14,Major,,,,,,,,,Inattentive,Yes,Yes,,,,Yes,,,,,,48,Hillcrest Village (48)
15366,2019,2019-03-18T04:00:00,914,9,DANFORTH AV,JONES AV,,Major Arterial,Toronto and East York,14,54,43.67987,-79.340153,Intersection,At Intersection,Traffic Signal,Clear,Daylight,Dry,Non-Fatal Injury,Pedestrian Collisions,Driver,30 to 34,None,,East,Pick Up Truck,Turning Right,Failed to Yield Right of Way,Inattentive,,,,Yes,Yes,,,,,,Yes,,,,66,Danforth (66)
15367,2019,2019-03-18T04:00:00,914,9,DANFORTH AV,JONES AV,,Major Arterial,Toronto and East York,14,54,43.67987,-79.340153,Intersection,At Intersection,Traffic Signal,Clear,Daylight,Dry,Non-Fatal Injury,Pedestrian Collisions,Pedestrian,50 to 54,Major,,,,,,,,,Normal,Yes,Yes,,,,,,Yes,,,,66,Danforth (66)
15356,2019,2019-03-13T04:00:00,1650,16,BAY ST,RICHMOND ST W,,Major Arterial,Toronto and East York,,52,43.651099,-79.38129,Intersection,At Intersection,Traffic Signal,Clear,Daylight,Dry,Non-Fatal Injury,Pedestrian Collisions,Driver,55 to 59,None,,South,Municipal Transit Bus (TTC),Going Ahead,Driving Properly,Normal,,,,Yes,,,Yes,,,,,,,,76,Bay Street Corridor (76)
15357,2019,2019-03-13T04:00:00,1650,16,BAY ST,RICHMOND ST W,,Major Arterial,Toronto and East York,,52,43.651099,-79.38129,Intersection,At Intersection,Traffic Signal,Clear,Daylight,Dry,Non-Fatal Injury,Pedestrian Collisions,Pedestrian,50 to 54,Major,,,,,,,,,Other,Yes,,,Yes,,,,,,,,76,Bay Street Corridor (76)
15342,2019,2019-03-12T04:00:00,1830,18,LAWSON RD,CENTENNIAL RD,,Collector,Scarborough,25,43,43.787475,-79.150738,Intersection,At Intersection,Stop Sign,Clear,Daylight,Dry,Non-Fatal Injury,Pedestrian Collisions,Driver,65 to 69,None,,West,"Automobile, Station Wagon",Going Ahead,Failed to Yield Right of Way,Inattentive,,,,Yes,Yes,,,,,,Yes,,,,133,Centennial Scarborough (133)
15344,2019,2019-03-12T04:00:00,1830,18,LAWSON RD,CENTENNIAL RD,,Collector,Scarborough,25,43,43.787475,-79.150738,Intersection,At Intersection,Stop Sign,Clear,Daylight,Dry,Non-Fatal Injury,Pedestrian Collisions,Pedestrian,70 to 74,Major,,,,,,,,,Normal,Yes,Yes,,,,,,Yes,,,,133,Centennial Scarborough (133)
15029,2019,2019-03-07T05:00:00,901,9,EGLINTON  AVE W,MCROBERTS  AVE,,Major Arterial,North York,,13,43.693389,-79.460269,Mid-Block,Non Intersection,No Control,,Daylight,Other,Fatal,Pedestrian Collisions,Pedestrian,75 to 79,Fatal,13,North,,,,,Pedestrian involved in a collision with transit vehicle anywhere along roadway,Running onto Roadway,,Yes,,,Yes,,,,,,,,109,Caledonia-Fairbank (109)