_id,YEAR,DATE,TIME,HOUR,STREET1,STREET2,OFFSET,ROAD_CLASS,District,WardNum,Division,LATITUDE,LONGITUDE,LOCCOORD,ACCLOC,TRAFFCTL,VISIBILITY,LIGHT,RDSFCOND,ACCLASS,IMPACTYPE,INVTYPE,INVAGE,INJURY,FATAL_NO,INITDIR,VEHTYPE,MANOEUVER,DRIVACT,DRIVCOND,PEDTYPE,PEDACT,PEDCOND,PEDESTRIAN,AUTOMOBILE,TRUCK,TRSN_CITY_VEH,EMERG_VEH,PASSENGER,SPEEDING,AG_DRIV,REDLIGHT,ALCOHOL,DISABILITY,Hood_ID,Neighbourhood
15124,2019,2019-03-07T05:00:00,901,9,EGLINTON  AVE W,MCROBERTS  AVE,,Major Arterial,North York,,13,43.693389,-79.460269,Mid-Block,Non Intersection,No Control,,Daylight,Other,Fatal,Pedestrian Collisions,Driver,55 to 59,None,,East,Intercity Bus,Going Ahead,Driving Properly,Normal,,,,Yes,,,Yes,,,,,,,,109,Caledonia-Fairbank (109)
15222,2019,2019-03-05T05:00:00,1640,16,KINGSTON RD,SHARPE ST,,Major Arterial,Scarborough,20,41,43.70634,-79.251262,Intersection,At Intersection,Traffic Signal,Clear,Daylight,Dry,Non-Fatal Injury,Pedestrian Collisions,Driver,20 to 24,None,,West,"Automobile, Station Wagon",Going Ahead,Driving Properly,Normal,,,,Yes,Yes,,,,,,,,,,122,Birchcliffe-Cliffside (122)
15223,2019,2019-03-05T05:00:00,1640,16,KINGSTON RD,SHARPE ST,,Major Arterial,Scarborough,20,41,43.70634,-79.251262,Intersection,At Intersection,Traffic Signal,Clear,Daylight,Dry,Non-Fatal Injury,Pedestrian Collisions,Pedestrian,15 to 19,Major,,,,,,,,,Inattentive,Yes,Yes,,,,,,,,,,122,Birchcliffe-Cliffside (122)
15217,2019,2019-03-04T05:00:00,1755,17,GARDINER X E,COOPER ST,55 m West of,Major Arterial,Toronto and East York,10,52,43.643706,-79.376278,Mid-Block,Non Intersection,No Control,Clear,Daylight,Dry,Non-Fatal Injury,Pedestrian Collisions,Pedestrian,25 to 29,Major,,,,,,,,,Other,Yes,Yes,,,,,,,,,,77,Waterfront Communities-The Island (77)
15218,2019,2019-03-04T05:00:00,1755,17,GARDINER X E,COOPER ST,55 m West of,Major Arterial,Toronto and East York,10,52,43.643706,-79.376278,Mid-Block,Non Intersection,No Control,Clear,Daylight,Dry,Non-Fatal Injury,Pedestrian Collisions,Driver,25 to 29,None,,East,"Automobile, Station Wagon",Going Ahead,Driving Properly,Normal,,,,Yes,Yes,,,,,,,,,,77,Waterfront Communities-The Island (77)
15211,2019,2019-03-01T05:00:00,1609,16,2721 VICTORIA PARK AV,VICTORIA PARK AV,,Major Arterial,North York,,42,43.776527,-79.323612,Mid-Block,Non Intersection,No Control,Clear,Daylight,Dry,Non-Fatal Injury,Pedestrian Collisions,Driver,15 to 19,None,,North,"Automobile, Station Wagon",Going Ahead,Driving Properly,Normal,,,,Yes,Yes,,,,Yes,,,,,,117,L'Amoreaux (117)
15212,2019,2019-03-01T05:00:00,1609,16,2721 VICTORIA PARK AV,VICTORIA PARK AV,,Major Arterial,North York,,42,43.776527,-79.323612,Mid-Block,Non Intersection,No Control,Clear,Daylight,Dry,Non-Fatal Injury,Pedestrian Collisions,Pedestrian,65 to 69,Major,,,,,,,,,Inattentive,Yes,Yes,,,,Yes,,,,,,117,L'Amoreaux (117)
15213,2019,2019-03-01T05:00:00,1609,16,2721 VICTORIA PARK AV,VICTORIA PARK AV,,Major Arterial,North York,,42,43.776527,-79.323612,Mid-Block,Non Intersection,No Control,Clear,Daylight,Dry,Non-Fatal Injury,Pedestrian Collisions,Passenger,15 to 19,None,,,,,,,,,,Yes,Yes,,,,Yes,,,,,,117,L'Amoreaux (117)
15214,2019,2019-03-01T05:00:00,1609,16,2721 VICTORIA PARK AV,VICTORIA PARK AV,,Major Arterial,North York,,42,43.776527,-79.323612,Mid-Block,Non Intersection,No Control,Clear,Daylight,Dry,Non-Fatal Injury,Pedestrian Collisions,Passenger,15 to 19,None,,,,,,,,,,Yes,Yes,,,,Yes,,,,,,117,L'Amoreaux (117)
15215,2019,2019-03-01T05:00:00,1609,16,2721 VICTORIA PARK AV,VICTORIA PARK AV,,Major Arterial,North York,,42,43.776527,-79.323612,Mid-Block,Non Intersection,No Control,Clear,Daylight,Dry,Non-Fatal Injury,Pedestrian Collisions,Passenger,15 to 19,None,,,,,,,,,,Yes,Yes,,,,Yes,,,,,,117,L'Amoreaux (117)
15216,2019,2019-03-01T05:00:00,1609,16,2721 VICTORIA PARK AV,VICTORIA PARK AV,,Major Arterial,North York,,42,43.776527,-79.323612,Mid-Block,Non Intersection,No Control,Clear,Daylight,Dry,Non-Fatal Injury,Pedestrian Collisions,Passenger,15 to 19,None,,,,,,,,,,Yes,Yes,,,,Yes,,,,,,117,L'Amoreaux (117)
15201,2019,2019-02-25T05:00:00,1949,19,FINCH AVE W,PEARLDALE AVE,,Major Arterial,Etobicoke York,7,31,43.747695,-79.562312,Intersection,At Intersection,Traffic Signal,Other,Dark,Other,Fatal,Pedestrian Collisions,Driver,60 to 64,None,,West,"Automobile, Station Wagon",Going Ahead,Driving Properly,Normal,,,,Yes,Yes,,,,,,,,,,22,Humbermede (22)
15202,2019,2019-02-25T05:00:00,1949,19,FINCH AVE W,PEARLDALE AVE,,Major Arterial,Etobicoke York,7,31,43.747695,-79.562312,Intersection,At Intersection,Traffic Signal,Other,Dark,Other,Fatal,Pedestrian Collisions,Pedestrian,80 to 84,Fatal,11,North,,,,,Vehicle is going straight thru inter.while ped cross without ROW,Crossing without right of way,,Yes,Yes,,,,,,,,,,22,Humbermede (22)
15198,2019,2019-02-25T05:00:00,1452,14,THE QUEENSWAY,GLENDALE AVE,,Major Arterial,Toronto and East York,4,11,43.639335,-79.451275,Intersection,At Intersection,Traffic Signal,Clear,Daylight,Dry,Non-Fatal Injury,Pedestrian Collisions,Driver,30 to 34,None,,West,"Automobile, Station Wagon",Going Ahead,Driving Properly,Normal,,,,Yes,Yes,,,,Yes,,,,,,87,High Park-Swansea (87)
15199,2019,2019-02-25T05:00:00,1452,14,THE QUEENSWAY,GLENDALE AVE,,Major Arterial,Toronto and East York,4,11,43.639335,-79.451275,Intersection,At Intersection,Traffic Signal,Clear,Daylight,Dry,Non-Fatal Injury,Pedestrian Collisions,Passenger,25 to 29,None,,,,,,,,,,Yes,Yes,,,,Yes,,,,,,87,High Park-Swansea (87)
15200,2019,2019-02-25T05:00:00,1452,14,THE QUEENSWAY,GLENDALE AVE,,Major Arterial,Toronto and East York,4,11,43.639335,-79.451275,Intersection,At Intersection,Traffic Signal,Clear,Daylight,Dry,Non-Fatal Injury,Pedestrian Collisions,Pedestrian,35 to 39,Major,,,,,,,,,Normal,Yes,Yes,,,,Yes,,,,,,87,High Park-Swansea (87)
15196,2019,2019-02-20T05:00:00,815,8,GERRARD ST E,MARJORY AV,39 m West of,Minor Arterial,Toronto and East York,14,55,43.6687,-79.338024,Mid-Block,Non Intersection,No Control,Clear,Daylight,Wet,Non-Fatal Injury,Pedestrian Collisions,Truck Driver,50 to 54,None,,South,Truck-Tractor,Turning Right,Failed to Yield Right of Way,Normal,,,,Yes,,Yes,,,,,Yes,,,,70,South Riverdale (70)
15197,2019,2019-02-20T05:00:00,815,8,GERRARD ST E,MARJORY AV,39 m West of,Minor Arterial,Toronto and East York,14,55,43.6687,-79.338024,Mid-Block,Non Intersection,No Control,Clear,Daylight,Wet,Non-Fatal Injury,Pedestrian Collisions,Pedestrian,70 to 74,Major,,,,,,,,,Normal,Yes,,Yes,,,,,Yes,,,,70,South Riverdale (70)
15194,2019,2019-02-16T05:00:00,907,9,WARDEN  AVE,BAMBURGH  CRCL,89.5 m south,Major Arterial,Scarborough,22,42,43.815394,-79.324634,Mid-Block,Non Intersection,No Control,Clear,Daylight,Wet,Fatal,Pedestrian Collisions,Pedestrian,85 to 89,Fatal,12,East,,,,,Pedestrian hit at mid-block,"Crossing, no Traffic Control",Normal,Yes,Yes,,,,,,,,,,116,Steeles (116)
15195,2019,2019-02-16T05:00:00,907,9,WARDEN  AVE,BAMBURGH  CRCL,89.5 m south,Major Arterial,Scarborough,22,42,43.815394,-79.324634,Mid-Block,Non Intersection,No Control,Clear,Daylight,Wet,Fatal,Pedestrian Collisions,Driver,50 to 54,None,,South,"Automobile, Station Wagon",Going Ahead,Driving Properly,Normal,,,,Yes,Yes,,,,,,,,,,116,Steeles (116)
15190,2019,2019-02-15T05:00:00,2049,20,WESTON RD,ROGERS RD,,Major Arterial,Etobicoke York,5,12,43.681602,-79.476726,Intersection,At Intersection,Traffic Signal,Clear,"Dark, artificial",Wet,Non-Fatal Injury,Pedestrian Collisions,Truck Driver,60 to 64,None,,North,Truck-Tractor,Turning Right,Failed to Yield Right of Way,Normal,,,,Yes,,Yes,,,Yes,,Yes,,,,111,Rockcliffe-Smythe (111)
15191,2019,2019-02-15T05:00:00,2049,20,WESTON RD,ROGERS RD,,Major Arterial,Etobicoke York,5,12,43.681602,-79.476726,Intersection,At Intersection,Traffic Signal,Clear,"Dark, artificial",Wet,Non-Fatal Injury,Pedestrian Collisions,Passenger,40 to 44,None,,,,,,,,,,Yes,,Yes,,,Yes,,Yes,,,,111,Rockcliffe-Smythe (111)
15193,2019,2019-02-15T05:00:00,2049,20,WESTON RD,ROGERS RD,,Major Arterial,Etobicoke York,5,12,43.681602,-79.476726,Intersection,At Intersection,Traffic Signal,Clear,"Dark, artificial",Wet,Non-Fatal Injury,Pedestrian Collisions,Pedestrian,55 to 59,Major,,,,,,,,,Normal,Yes,,Yes,,,Yes,,Yes,,,,111,Rockcliffe-Smythe (111)
15173,2019,2019-02-04T05:00:00,1904,19,WARDEN AV,GLEN SPRINGS DR,,Major Arterial,Scarborough,22,42,43.80461,-79.32014,Intersection,At Intersection,No Control,Rain,"Dark, artificial",Wet,Non-Fatal Injury,Pedestrian Collisions,Driver,85 to 89,None,,North,"Automobile, Station Wagon",Going Ahead,Driving Properly,Normal,,,,Yes,Yes,,,,,,,,,,117,L'Amoreaux (117)
15174,2019,2019-02-04T05:00:00,1904,19,WARDEN AV,GLEN SPRINGS DR,,Major Arterial,Scarborough,22,42,43.80461,-79.32014,Intersection,At Intersection,No Control,Rain,"Dark, artificial",Wet,Non-Fatal Injury,Pedestrian Collisions,Driver,60 to 64,None,,South,"Automobile, Station Wagon",Going Ahead,Driving Properly,Normal,,,,Yes,Yes,,,,,,,,,,117,L'Amoreaux (117)
15175,2019,2019-02-04T05:00:00,1904,19,WARDEN AV,GLEN SPRINGS DR,,Major Arterial,Scarborough,22,42,43.80461,-79.32014,Intersection,At Intersection,No Control,Rain,"Dark, artificial",Wet,Non-Fatal Injury,Pedestrian Collisions,Driver,unknown,None,,North,"Automobile, Station Wagon",Going Ahead,Driving Properly,Unknown,,,,Yes,Yes,,,,,,,,,,117,L'Amoreaux (117)
15176,2019,2019-02-04T05:00:00,1904,19,WARDEN AV,GLEN SPRINGS DR,,Major Arterial,Scarborough,22,42,43.80461,-79.32014,Intersection,At Intersection,No Control,Rain,"Dark, artificial",Wet,Non-Fatal Injury,Pedestrian Collisions,Pedestrian,45 to 49,Major,,West,,,,,Vehicle is going straight thru inter.while ped cross without ROW,"Crossing, no Traffic Control",Normal,Yes,Yes,,,,,,,,,,117,L'Amoreaux (117)
15170,2019,2019-02-04T05:00:00,854,8,BLOOR STREET WEST,WINDERMERE AVENUE,3 m North of,Major Arterial,Toronto and East York,4,11,43.650199,-79.480449,Intersection,At Intersection,Traffic Signal,Clear,Daylight,Wet,Non-Fatal Injury,Pedestrian Collisions,Truck Driver,35 to 39,None,,East,"Truck - Closed (Blazer, etc)",Turning Left,Failed to Yield Right of Way,Inattentive,,,,Yes,,Yes,,,Yes,,Yes,,,,89,Runnymede-Bloor West Village (89)
15171,2019,2019-02-04T05:00:00,854,8,BLOOR STREET WEST,WINDERMERE AVENUE,3 m North of,Major Arterial,Toronto and East York,4,11,43.650199,-79.480449,Intersection,At Intersection,Traffic Signal,Clear,Daylight,Wet,Non-Fatal Injury,Pedestrian Collisions,Passenger,15 to 19,None,,,,,,,,,,Yes,,Yes,,,Yes,,Yes,,,,89,Runnymede-Bloor West Village (89)
15172,2019,2019-02-04T05:00:00,854,8,BLOOR STREET WEST,WINDERMERE AVENUE,3 m North of,Major Arterial,Toronto and East York,4,11,43.650199,-79.480449,Intersection,At Intersection,Traffic Signal,Clear,Daylight,Wet,Non-Fatal Injury,Pedestrian Collisions,Pedestrian,60 to 64,Major,,,,,,,,,Normal,Yes,,Yes,,,Yes,,Yes,,,,89,Runnymede-Bloor West Village (89)
15160,2019,2019-01-31T05:00:00,1345,13,ST CLAIR AVE WEST,ST CLAIR GDNS,27 m East of,Major Arterial,Toronto and East York,9,13,43.677585,-79.444729,Intersection,Intersection Related,No Control,Clear,Daylight,Loose Snow,Non-Fatal Injury,Pedestrian Collisions,Driver,45 to 49,None,,East,Street Car,Going Ahead,Driving Properly,Unknown,,,,Yes,,,Yes,,,,,,,,92,Corso Italia-Davenport (92)
15161,2019,2019-01-31T05:00:00,1345,13,ST CLAIR AVE WEST,ST CLAIR GDNS,27 m East of,Major Arterial,Toronto and East York,9,13,43.677585,-79.444729,Intersection,Intersection Related,No Control,Clear,Daylight,Loose Snow,Non-Fatal Injury,Pedestrian Collisions,Pedestrian,65 to 69,Major,,,,,,,,,Normal,Yes,,,Yes,,,,,,,,92,Corso Italia-Davenport (92)
15151,2019,2019-01-21T05:00:00,1125,11,BAY ST,WELLINGTON ST W,5 m North of,Major Arterial,Toronto and East York,,52,43.64733,-79.379696,Intersection,At Intersection,Traffic Signal,Clear,Daylight,Dry,Non-Fatal Injury,Pedestrian Collisions,Driver,50 to 54,None,,North,"Automobile, Station Wagon",Going Ahead,Disobeyed Traffic Control,Normal,,,,Yes,Yes,,,,,,Yes,Yes,,,76,Bay Street Corridor (76)
15152,2019,2019-01-21T05:00:00,1125,11,BAY ST,WELLINGTON ST W,5 m North of,Major Arterial,Toronto and East York,,52,43.64733,-79.379696,Intersection,At Intersection,Traffic Signal,Clear,Daylight,Dry,Non-Fatal Injury,Pedestrian Collisions,Pedestrian,65 to 69,Major,,,,,,,,,Normal,Yes,Yes,,,,,,Yes,Yes,,,76,Bay Street Corridor (76)
15140,2019,2019-01-17T05:00:00,1900,19,DANFORTH RD,PATTERSON AVE,,Minor Arterial,Scarborough,20,41,43.694755,-79.276378,Intersection,Intersection Related,Stop Sign,Clear,"Dark, artificial",Dry,Non-Fatal Injury,Pedestrian Collisions,Driver,unknown,None,,North,"Automobile, Station Wagon",Turning Left,Failed to Yield Right of Way,Unknown,,,,Yes,Yes,,,,,,Yes,,,,121,Oakridge (121)
15141,2019,2019-01-17T05:00:00,1900,19,DANFORTH RD,PATTERSON AVE,,Minor Arterial,Scarborough,20,41,43.694755,-79.276378,Intersection,Intersection Related,Stop Sign,Clear,"Dark, artificial",Dry,Non-Fatal Injury,Pedestrian Collisions,Pedestrian,65 to 69,Major,,,,,,,,,Normal,Yes,Yes,,,,,,Yes,,,,121,Oakridge (121)
15138,2019,2019-01-16T05:00:00,1332,13,2350 DUFFERIN ST,,,Major Arterial,Toronto and East York,,13,43.69525,-79.450084,Mid-Block,Non Intersection,No Control,Clear,Daylight,Dry,Fatal,Pedestrian Collisions,Pedestrian,75 to 79,Fatal,8,East,,,,,Pedestrian hit at mid-block,"Crossing, no Traffic Control",Had Been Drinking,Yes,,Yes,,,,,,,,,107,Oakwood Village (107)
15139,2019,2019-01-16T05:00:00,1332,13,2350 DUFFERIN ST,,,Major Arterial,Toronto and East York,,13,43.69525,-79.450084,Mid-Block,Non Intersection,No Control,Clear,Daylight,Dry,Fatal,Pedestrian Collisions,Driver,25 to 29,None,,South,Truck (other),Going Ahead,Driving Properly,Normal,,,,Yes,,Yes,,,,,,,,,107,Oakwood Village (107)
15136,2019,2019-01-16T05:00:00,1303,13,ALLEN X S LAWRENCE E RAMP,LAWRENCE AVE W,,Major Arterial,North York,8,32,43.715869,-79.444942,Intersection,At Intersection,Traffic Signal,Clear,Daylight,Dry,Fatal,Pedestrian Collisions,Pedestrian,40 to 44,Fatal,5,Unknown,,,,,Vehicle turns right while ped crosses with ROW at inter.,Crossing with right of way,Normal,Yes,,Yes,,,,,,,,,31,Yorkdale-Glen Park (31)
15137,2019,2019-01-16T05:00:00,1303,13,ALLEN X S LAWRENCE E RAMP,LAWRENCE AVE W,,Major Arterial,North York,8,32,43.715869,-79.444942,Intersection,At Intersection,Traffic Signal,Clear,Daylight,Dry,Fatal,Pedestrian Collisions,Driver,unknown,None,,South,Truck - Dump,Turning Right,Improper Turn,Unknown,,,,Yes,,Yes,,,,,,,,,31,Yorkdale-Glen Park (31)
15130,2019,2019-01-14T05:00:00,1900,19,MURISON BLVD,MILNER AVE,2 m East of,Minor Arterial,Scarborough,25,42,43.798991,-79.202267,Intersection,At Intersection,Traffic Signal,Clear,"Dark, artificial",Dry,Non-Fatal Injury,Pedestrian Collisions,Driver,20 to 24,None,,South,"Automobile, Station Wagon",Turning Left,Failed to Yield Right of Way,Inattentive,,,,Yes,Yes,,,,Yes,,Yes,,,,132,Malvern (132)
15131,2019,2019-01-14T05:00:00,1900,19,MURISON BLVD,MILNER AVE,2 m East of,Minor Arterial,Scarborough,25,42,43.798991,-79.202267,Intersection,At Intersection,Traffic Signal,Clear,"Dark, artificial",Dry,Non-Fatal Injury,Pedestrian Collisions,Pedestrian,25 to 29,Major,,,,,,,,,Normal,Yes,Yes,,,,Yes,,Yes,,,,132,Malvern (132)
15132,2019,2019-01-14T05:00:00,1900,19,MURISON BLVD,MILNER AVE,2 m East of,Minor Arterial,Scarborough,25,42,43.798991,-79.202267,Intersection,At Intersection,Traffic Signal,Clear,"Dark, artificial",Dry,Non-Fatal Injury,Pedestrian Collisions,Pedestrian,0 to 4,None,,,,,,,,,Normal,Yes,Yes,,,,Yes,,Yes,,,,132,Malvern (132)
15133,2019,2019-01-14T05:00:00,1900,19,MURISON BLVD,MILNER AVE,2 m East of,Minor Arterial,Scarborough,25,42,43.798991,-79.202267,Intersection,At Intersection,Traffic Signal,Clear,"Dark, artificial",Dry,Non-Fatal Injury,Pedestrian Collisions,Passenger,20 to 24,None,,,,,,,,,,Yes,Yes,,,,Yes,,Yes,,,,132,Malvern (132)
15014,2019,2019-01-11T05:00:00,1836,18,ELLESMERE RD,MILITARY TRAIL,,Major Arterial,Scarborough,24,43,43.77975,-79.217113,Intersection,At Intersection,Traffic Signal,Clear,"Dark, artificial",Dry,Non-Fatal Injury,Pedestrian Collisions,Driver,50 to 54,None,,East,"Automobile, Station Wagon",Going Ahead,Driving Properly,Normal,,,,Yes,Yes,,,,,,,,,,135,Morningside (135)
15119,2019,2019-01-11T05:00:00,1836,18,ELLESMERE RD,MILITARY TRAIL,,Major Arterial,Scarborough,24,43,43.77975,-79.217113,Intersection,At Intersection,Traffic Signal,Clear,"Dark, artificial",Dry,Non-Fatal Injury,Pedestrian Collisions,Pedestrian,20 to 24,Major,,,,,,,,,Inattentive,Yes,Yes,,,,,,,,,,135,Morningside (135)
14986,2019,2019-01-09T05:00:00,1853,18,3825 SHEPPARD AV E,ALANFORD RD,99 m East of,Major Arterial,Scarborough,22,42,43.782283,-79.292384,Mid-Block,Non Intersection,PXO - No Ped,Clear,"Dark, artificial",Dry,Non-Fatal Injury,Pedestrian Collisions,Pedestrian,85 to 89,Major,,,,,,,,,Normal,Yes,Yes,,,,,Yes,Yes,,,,118,Tam O'Shanter-Sullivan (118)
15005,2019,2019-01-09T05:00:00,1853,18,3825 SHEPPARD AV E,ALANFORD RD,99 m East of,Major Arterial,Scarborough,22,42,43.782283,-79.292384,Mid-Block,Non Intersection,PXO - No Ped,Clear,"Dark, artificial",Dry,Non-Fatal Injury,Pedestrian Collisions,Driver,unknown,None,,East,"Automobile, Station Wagon",Going Ahead,Other,Unknown,,,,Yes,Yes,,,,,Yes,Yes,,,,118,Tam O'Shanter-Sullivan (118)
15727,2019,2019-01-08T05:00:00,1838,18,O CONNOR DR,ST CLAIR AVE E,190 metre north of,Major Arterial,Toronto and East York,19,54,43.70674,-79.311771,Mid-Block,Non Intersection,No Control,Rain,"Dark, artificial",Wet,Fatal,Pedestrian Collisions,Pedestrian,65 to 69,Fatal,4,West,,,,,Pedestrian hit at mid-block,"Crossing, no Traffic Control",Inattentive,Yes,Yes,,,,,,,,,,54,O'Connor-Parkview (54)
15728,2019,2019-01-08T05:00:00,1838,18,O CONNOR DR,ST CLAIR AVE E,190 metre north of,Major Arterial,Toronto and East York,19,54,43.70674,-79.311771,Mid-Block,Non Intersection,No Control,Rain,"Dark, artificial",Wet,Fatal,Pedestrian Collisions,Driver,55 to 59,None,,South,Delivery Van,Going Ahead,Driving Properly,Normal,,,,Yes,Yes,,,,,,,,,,54,O'Connor-Parkview (54)
15725,2019,2019-01-07T05:00:00,2012,20,CLOSE  AVE,QUEEN  ST W,119 m south,Local,Toronto and East York,4,14,43.639567,-79.435504,Mid-Block,Non Intersection,No Control,Rain,"Dark, artificial",Wet,Fatal,Pedestrian Collisions,Driver,65 to 69,None,,South,"Automobile, Station Wagon",Going Ahead,Following too Close,Normal,,,,Yes,Yes,,,,,Yes,Yes,,,,85,South Parkdale (85)
15726,2019,2019-01-07T05:00:00,2012,20,CLOSE  AVE,QUEEN  ST W,119 m south,Local,Toronto and East York,4,14,43.639567,-79.435504,Mid-Block,Non Intersection,No Control,Rain,"Dark, artificial",Wet,Fatal,Pedestrian Collisions,Wheelchair,60 to 64,Fatal,1,South,,,,,Pedestrian hit at mid-block,Other,Normal,Yes,Yes,,,,,Yes,Yes,,,,85,South Parkdale (85)
15723,2019,2019-01-04T05:00:00,1920,19,COLLEGE ST,ELIZABETH ST,,Major Arterial,Toronto and East York,11,52,43.66051,-79.387394,Intersection,At Intersection,Traffic Signal,Clear,"Dark, artificial",Dry,Non-Fatal Injury,Pedestrian Collisions,Driver,45 to 49,None,,West,"Automobile, Station Wagon",Turning Right,Failed to Yield Right of Way,Inattentive,,,,Yes,Yes,,,,,,Yes,,,,76,Bay Street Corridor (76)
15724,2019,2019-01-04T05:00:00,1920,19,COLLEGE ST,ELIZABETH ST,,Major Arterial,Toronto and East York,11,52,43.66051,-79.387394,Intersection,At Intersection,Traffic Signal,Clear,"Dark, artificial",Dry,Non-Fatal Injury,Pedestrian Collisions,Pedestrian,60 to 64,Major,,,,,,,,,Normal,Yes,Yes,,,,,,Yes,,,,76,Bay Street Corridor (76)
15721,2019,2019-01-04T05:00:00,1325,13,BATHURST ST,BAINBRIDGE AVE,,Major Arterial,North York,6,32,43.750758,-79.437298,Intersection,At Intersection,Traffic Signal,Clear,Daylight,Dry,Non-Fatal Injury,Pedestrian Collisions,Driver,35 to 39,None,,West,"Automobile, Station Wagon",Turning Left,Failed to Yield Right of Way,Normal,,,,Yes,Yes,,,,,,Yes,,,,38,Lansing-Westgate (38)
15722,2019,2019-01-04T05:00:00,1325,13,BATHURST ST,BAINBRIDGE AVE,,Major Arterial,North York,6,32,43.750758,-79.437298,Intersection,At Intersection,Traffic Signal,Clear,Daylight,Dry,Non-Fatal Injury,Pedestrian Collisions,Pedestrian,30 to 34,Major,,,,,,,,,Normal,Yes,Yes,,,,,,Yes,,,,38,Lansing-Westgate (38)